juego;material;grupo;archivo;formato;nota;url
Cinquillo;Española: 40 cartas;Cartas;cinquillo.html;HTML;"Elegir Cinquillo Clásico; las otras modalidades son adaptaciones de Ludoteka.";https://www.ludoteka.com/juegos/cinquillo/reglas
Mus;Española: 40 cartas;Cartas;mus.html;HTML;Reglamento Fournier: explica 8 reyes y 8 ases y la alternativa de 4 reyes y 4 ases.;https://www.nhfournier.es/como-jugar/mus/
Póker Texas Hold’em;Francesa / inglesa de póker: 52 cartas, sin comodines;Cartas;texas_holdem.html;HTML;Reglamento Fournier: modalidades con límite y sin límite. Se puede jugar con fichas sin dinero.;https://www.nhfournier.es/como-jugar/texas-holdem/
Parchís;Tablero de parchís, dado y 4 fichas por jugador;Tablero / fichas;parchis.pdf;PDF;"Manual Cayro multilingüe; incluye español.";https://cayro.es/wp-content/uploads/2025/01/074-1-074-6-095-096-097-100-118-160-608-632-752-843-860-1615-2631-t-131-a-t-134-t-134-a-t-135-t-136-t-138-t-138-6-t-138-6-a-t-138-a-t-139-t-155-ins-parchis-p-0622-es-en-fr-de-it-pt-el-pl-nl-af.pdf
Damas españolas;Tablero 8 × 8 y 12 fichas por bando;Tablero / fichas;damas_espanolas.html;HTML;"Variante española, con damas voladoras y captura obligatoria; no confundir con damas internacionales.";https://www.ludoteka.com/juegos/damas-espa%C3%B1olas/reglas
Juego de la oca;Tablero de la oca, dado y una ficha por jugador;Tablero / fichas;oca.pdf;PDF;"Manual Cayro multilingüe; incluye español. Los castigos dependen de la edición del tablero.";https://cayro.es/wp-content/uploads/2025/01/095-097-118-158-752-843-860-1615-t-131-a-t-135-t-138-t-138-6-t-138-6-a-t-138-a-ins-oca-o-0622-es-en-fr-de-it-pt-pl-nl-af.pdf
Brisca;Española: 40 cartas;Cartas;brisca.html;HTML;Incluye distintas formas de jugar y puntuación.;https://www.nhfournier.es/como-jugar/brisca/
Tute;Española: 40 cartas;Cartas;tute.html;HTML;La fuente distingue modalidades para 2, 3 y 4 jugadores.;https://www.nhfournier.es/como-jugar/tute/
Chinchón;Española: 40 o 48 cartas;Cartas;chinchon.html;HTML;"La fuente cambia la valoración de las figuras según la baraja; acordar la modalidad antes de jugar.";https://www.nhfournier.es/como-jugar/chinchon/
Escoba de quince;Española: 40 cartas;Cartas;escoba.html;HTML;Se conoce también como la escoba.;https://www.nhfournier.es/como-jugar/escoba/
Pocha;Española: 40 cartas;Cartas;pocha.html;HTML;Hay variantes en el número de manos y la puntuación.;https://www.nhfournier.es/como-jugar/pocha/
Julepe;Española: 40 cartas;Cartas;julepe.html;HTML;"Reglamento Fournier; las apuestas pueden representarse con fichas.";https://www.nhfournier.es/como-jugar/julepe/
Guiñote;Española: 40 cartas;Cartas;guinote.html;HTML;Juego regional especialmente asociado a Aragón y zonas cercanas.;https://www.nhfournier.es/como-jugar/guinote/
Butifarra;Catalana: 48 cartas, palos españoles;Cartas;butifarra.html;HTML;"Juego regional de Cataluña; la fuente especifica baraja catalana.";https://www.nhfournier.es/como-jugar/butifarra/
Remigio;Póker español: 52 cartas + 2 comodines por baraja;Cartas;remigio.html;HTML;"Fournier especifica póker español, con varias barajas según participantes; no es la española habitual de 40/48.";https://www.nhfournier.es/como-jugar/remigio/
Continental;Póker español o francesa / inglesa: 52 cartas + 2 comodines por baraja;Cartas;continental.html;HTML;"Versión Fournier; varias barajas. Otros reglamentos utilizan tres comodines por baraja.";https://www.nhfournier.es/como-jugar/continental/
Siete y medio;Española: 40 cartas;Cartas;siete_y_medio.html;HTML;Distingue reglas generales y adaptación de puntuación para Ludoteka. Las apuestas pueden representarse con fichas.;https://www.ludoteka.com/clasika/siete-y-medio.html
Burro;Española: baraja de 40 cartas, retirando una;Cartas;burro.pdf;PDF;"Variante del PDF Zacatrus: robar cartas y descartar parejas; distinta del burro de pasar cartas simultáneamente. El PDF y la web de Zacatrus difieren: aquí se conserva el PDF.";https://zacatrus.s3.eu-west-1.amazonaws.com/doc/baraja/Juego-cartas-Burro.pdf
Mentiroso;Española: 40 cartas;Cartas;mentiroso.pdf;PDF;"Versión con cartas; no es el póker mentiroso de dados.";https://zacatrus.s3.eu-west-1.amazonaws.com/doc/baraja/Juego-cartas-Mentiroso.pdf
Dominó;28 fichas de dominó doble seis;Tablero / fichas;domino.html;HTML;"Para la modalidad habitual por parejas en España, consultar Dominó por parejas; también incluye variantes extranjeras.";https://www.ludoteka.com/juegos/domino/reglas
